<?xml version="1.0" encoding="UTF-8"?>
<metadata xml:lang="en"><Esri><CreaDate>20211119</CreaDate><CreaTime>13412300</CreaTime><ArcGISFormat>1.0</ArcGISFormat><SyncOnce>FALSE</SyncOnce><DataProperties><itemProps><itemName Sync="TRUE">Bikeways_merge</itemName><imsContentType Sync="TRUE">002</imsContentType><itemSize Sync="TRUE">2.029</itemSize><itemLocation><linkage Sync="TRUE">file://\\LAPTOP-R9N3R19O\C$\Users\Or Laptop\Documents\Austin\Shapefiles\OSM\Bikeways_merge.shp</linkage><protocol Sync="TRUE">Local Area Network</protocol></itemLocation><nativeExtBox><westBL Sync="TRUE">-98.082469</westBL><eastBL Sync="TRUE">-97.283188</eastBL><southBL Sync="TRUE">30.086292</southBL><northBL Sync="TRUE">30.610775</northBL><exTypeCode Sync="TRUE">1</exTypeCode></nativeExtBox></itemProps><coordRef><type Sync="TRUE">Geographic</type><geogcsn Sync="TRUE">GCS_WGS_1984</geogcsn><csUnits Sync="TRUE">Angular Unit: Degree (0.017453)</csUnits><peXml Sync="TRUE">&lt;GeographicCoordinateSystem xsi:type='typens:GeographicCoordinateSystem' xmlns:xsi='http://www.w3.org/2001/XMLSchema-instance' xmlns:xs='http://www.w3.org/2001/XMLSchema' xmlns:typens='http://www.esri.com/schemas/ArcGIS/10.5'&gt;&lt;WKT&gt;GEOGCS[&amp;quot;GCS_WGS_1984&amp;quot;,DATUM[&amp;quot;D_WGS_1984&amp;quot;,SPHEROID[&amp;quot;WGS_1984&amp;quot;,6378137.0,298.257223563]],PRIMEM[&amp;quot;Greenwich&amp;quot;,0.0],UNIT[&amp;quot;Degree&amp;quot;,0.0174532925199433],AUTHORITY[&amp;quot;EPSG&amp;quot;,4326]]&lt;/WKT&gt;&lt;XOrigin&gt;-400&lt;/XOrigin&gt;&lt;YOrigin&gt;-400&lt;/YOrigin&gt;&lt;XYScale&gt;11258999068426.238&lt;/XYScale&gt;&lt;ZOrigin&gt;-100000&lt;/ZOrigin&gt;&lt;ZScale&gt;10000&lt;/ZScale&gt;&lt;MOrigin&gt;-100000&lt;/MOrigin&gt;&lt;MScale&gt;10000&lt;/MScale&gt;&lt;XYTolerance&gt;8.983152841195215e-009&lt;/XYTolerance&gt;&lt;ZTolerance&gt;0.001&lt;/ZTolerance&gt;&lt;MTolerance&gt;0.001&lt;/MTolerance&gt;&lt;HighPrecision&gt;true&lt;/HighPrecision&gt;&lt;LeftLongitude&gt;-180&lt;/LeftLongitude&gt;&lt;WKID&gt;4326&lt;/WKID&gt;&lt;LatestWKID&gt;4326&lt;/LatestWKID&gt;&lt;/GeographicCoordinateSystem&gt;</peXml></coordRef><lineage><Process ToolSource="c:\program files (x86)\arcgis\desktop10.5\ArcToolbox\Toolboxes\Data Management Tools.tbx\Merge" Date="20200221" Time="130420">Merge route_bicycle2;route_bicycle1;highway_cycleway;cycleway2;cycleway;bicycle_yes "C:\Users\Or Laptop\Documents\Austin\Shapefiles\OSM\Bikeways_merge.shp" "full_id "full_id" true true false 254 Text 0 0 ,First,#,route_bicycle2,full_id,-1,-1,route_bicycle1,full_id,-1,-1,highway_cycleway,full_id,-1,-1,cycleway2,full_id,-1,-1,cycleway,full_id,-1,-1,bicycle_yes,full_id,-1,-1;osm_id "osm_id" true true false 254 Text 0 0 ,First,#,route_bicycle2,osm_id,-1,-1,route_bicycle1,osm_id,-1,-1,highway_cycleway,osm_id,-1,-1,cycleway2,osm_id,-1,-1,cycleway,osm_id,-1,-1,bicycle_yes,osm_id,-1,-1;osm_type "osm_type" true true false 254 Text 0 0 ,First,#,route_bicycle2,osm_type,-1,-1,route_bicycle1,osm_type,-1,-1,highway_cycleway,osm_type,-1,-1,cycleway2,osm_type,-1,-1,cycleway,osm_type,-1,-1,bicycle_yes,osm_type,-1,-1;name "name" true true false 254 Text 0 0 ,First,#,route_bicycle2,name,-1,-1,route_bicycle1,name,-1,-1,highway_cycleway,name,-1,-1,cycleway2,name,-1,-1,cycleway,name,-1,-1,bicycle_yes,name,-1,-1;network "network" true true false 254 Text 0 0 ,First,#,route_bicycle2,network,-1,-1,route_bicycle1,network,-1,-1,highway_cycleway,network,-1,-1,bicycle_yes,network,-1,-1;ref "ref" true true false 254 Text 0 0 ,First,#,route_bicycle2,ref,-1,-1,route_bicycle1,ref,-1,-1,highway_cycleway,ref,-1,-1,cycleway2,ref,-1,-1,cycleway,ref,-1,-1,bicycle_yes,ref,-1,-1;route "route" true true false 254 Text 0 0 ,First,#,route_bicycle2,route,-1,-1,route_bicycle1,route,-1,-1,highway_cycleway,route,-1,-1,bicycle_yes,route,-1,-1;type "type" true true false 254 Text 0 0 ,First,#,route_bicycle2,type,-1,-1,route_bicycle1,type,-1,-1,highway_cycleway,type,-1,-1,bicycle_yes,type,-1,-1;designatio "designatio" true true false 254 Text 0 0 ,First,#,route_bicycle2,designatio,-1,-1;frontage_r "frontage_r" true true false 254 Text 0 0 ,First,#,route_bicycle1,frontage_r,-1,-1;highway "highway" true true false 254 Text 0 0 ,First,#,route_bicycle1,highway,-1,-1,highway_cycleway,highway,-1,-1,cycleway2,highway,-1,-1,cycleway,highway,-1,-1,bicycle_yes,highway,-1,-1;oneway "oneway" true true false 254 Text 0 0 ,First,#,route_bicycle1,oneway,-1,-1,highway_cycleway,oneway,-1,-1,cycleway2,oneway,-1,-1,cycleway,oneway,-1,-1,bicycle_yes,oneway,-1,-1;Texas_Trun "Texas_Trun" true true false 254 Text 0 0 ,First,#,route_bicycle1,Texas_Trun,-1,-1,cycleway2,Texas_Trun,-1,-1,cycleway,Texas_Trun,-1,-1;lanes "lanes" true true false 254 Text 0 0 ,First,#,route_bicycle1,lanes,-1,-1,cycleway2,lanes,-1,-1,cycleway,lanes,-1,-1,bicycle_yes,lanes,-1,-1;old_ref "old_ref" true true false 254 Text 0 0 ,First,#,route_bicycle1,old_ref,-1,-1,cycleway2,old_ref,-1,-1,cycleway,old_ref,-1,-1,bicycle_yes,old_ref,-1,-1;source_Tex "source_Tex" true true false 254 Text 0 0 ,First,#,route_bicycle1,source_Tex,-1,-1,cycleway2,source_Tex,-1,-1,cycleway,source_Tex,-1,-1;surface "surface" true true false 254 Text 0 0 ,First,#,route_bicycle1,surface,-1,-1,highway_cycleway,surface,-1,-1,cycleway2,surface,-1,-1,cycleway,surface,-1,-1,bicycle_yes,surface,-1,-1;tiger_cfcc "tiger_cfcc" true true false 254 Text 0 0 ,First,#,route_bicycle1,tiger_cfcc,-1,-1,highway_cycleway,tiger_cfcc,-1,-1,cycleway2,tiger_cfcc,-1,-1,cycleway,tiger_cfcc,-1,-1,bicycle_yes,tiger_cfcc,-1,-1;tiger_coun "tiger_coun" true true false 254 Text 0 0 ,First,#,route_bicycle1,tiger_coun,-1,-1,highway_cycleway,tiger_coun,-1,-1,cycleway2,tiger_coun,-1,-1,cycleway,tiger_coun,-1,-1,bicycle_yes,tiger_coun,-1,-1;tiger_name "tiger_name" true true false 254 Text 0 0 ,First,#,route_bicycle1,tiger_name,-1,-1,highway_cycleway,tiger_name,-1,-1,cycleway2,tiger_name,-1,-1,cycleway,tiger_name,-1,-1,bicycle_yes,tiger_name,-1,-1;tiger_na_1 "tiger_na_1" true true false 254 Text 0 0 ,First,#,route_bicycle1,tiger_na_1,-1,-1,highway_cycleway,tiger_na_1,-1,-1,cycleway2,tiger_na_1,-1,-1,cycleway,tiger_na_1,-1,-1,bicycle_yes,tiger_na_1,-1,-1;tiger_na_2 "tiger_na_2" true true false 254 Text 0 0 ,First,#,route_bicycle1,tiger_na_2,-1,-1,cycleway2,tiger_na_2,-1,-1,cycleway,tiger_na_2,-1,-1,bicycle_yes,tiger_na_2,-1,-1;destinatio "destinatio" true true false 254 Text 0 0 ,First,#,route_bicycle1,destinatio,-1,-1,cycleway2,destinatio,-1,-1,cycleway,destinatio,-1,-1,bicycle_yes,destinatio,-1,-1;destinat_1 "destinat_1" true true false 254 Text 0 0 ,First,#,route_bicycle1,destinat_1,-1,-1,cycleway2,destinat_1,-1,-1,cycleway,destinat_1,-1,-1,bicycle_yes,destinat_1,-1,-1;name_1 "name_1" true true false 254 Text 0 0 ,First,#,route_bicycle1,name_1,-1,-1,highway_cycleway,name_1,-1,-1,cycleway2,name_1,-1,-1,cycleway,name_1,-1,-1,bicycle_yes,name_1,-1,-1;tiger_zip_ "tiger_zip_" true true false 254 Text 0 0 ,First,#,route_bicycle1,tiger_zip_,-1,-1,highway_cycleway,tiger_zip_,-1,-1,cycleway2,tiger_zip_,-1,-1,cycleway,tiger_zip_,-1,-1,bicycle_yes,tiger_zip_,-1,-1;tiger_zi_1 "tiger_zi_1" true true false 254 Text 0 0 ,First,#,route_bicycle1,tiger_zi_1,-1,-1,highway_cycleway,tiger_zi_1,-1,-1,cycleway2,tiger_zi_1,-1,-1,cycleway,tiger_zi_1,-1,-1,bicycle_yes,tiger_zi_1,-1,-1;tiger_zi_2 "tiger_zi_2" true true false 254 Text 0 0 ,First,#,route_bicycle1,tiger_zi_2,-1,-1,cycleway2,tiger_zi_2,-1,-1,cycleway,tiger_zi_2,-1,-1,bicycle_yes,tiger_zi_2,-1,-1;tiger_zi_3 "tiger_zi_3" true true false 254 Text 0 0 ,First,#,route_bicycle1,tiger_zi_3,-1,-1,cycleway2,tiger_zi_3,-1,-1,cycleway,tiger_zi_3,-1,-1;maxspeed "maxspeed" true true false 254 Text 0 0 ,First,#,route_bicycle1,maxspeed,-1,-1,cycleway2,maxspeed,-1,-1,cycleway,maxspeed,-1,-1,bicycle_yes,maxspeed,-1,-1;bicycle "bicycle" true true false 254 Text 0 0 ,First,#,route_bicycle1,bicycle,-1,-1,highway_cycleway,bicycle,-1,-1,cycleway2,bicycle,-1,-1,cycleway,bicycle,-1,-1,bicycle_yes,bicycle,-1,-1;tiger_revi "tiger_revi" true true false 254 Text 0 0 ,First,#,route_bicycle1,tiger_revi,-1,-1,highway_cycleway,tiger_revi,-1,-1,cycleway2,tiger_revi,-1,-1,cycleway,tiger_revi,-1,-1,bicycle_yes,tiger_revi,-1,-1;tiger_na_3 "tiger_na_3" true true false 254 Text 0 0 ,First,#,route_bicycle1,tiger_na_3,-1,-1,cycleway2,tiger_na_3,-1,-1,cycleway,tiger_na_3,-1,-1,bicycle_yes,tiger_na_3,-1,-1;cycleway "cycleway" true true false 254 Text 0 0 ,First,#,route_bicycle1,cycleway,-1,-1,highway_cycleway,cycleway,-1,-1,cycleway2,cycleway,-1,-1,cycleway,cycleway,-1,-1,bicycle_yes,cycleway,-1,-1;lanes_back "lanes_back" true true false 254 Text 0 0 ,First,#,route_bicycle1,lanes_back,-1,-1,cycleway2,lanes_back,-1,-1,cycleway,lanes_back,-1,-1,bicycle_yes,lanes_back,-1,-1;lanes_both "lanes_both" true true false 254 Text 0 0 ,First,#,route_bicycle1,lanes_both,-1,-1,cycleway2,lanes_both,-1,-1,cycleway,lanes_both,-1,-1;lanes_forw "lanes_forw" true true false 254 Text 0 0 ,First,#,route_bicycle1,lanes_forw,-1,-1,cycleway2,lanes_forw,-1,-1,cycleway,lanes_forw,-1,-1,bicycle_yes,lanes_forw,-1,-1;tiger_na_4 "tiger_na_4" true true false 254 Text 0 0 ,First,#,route_bicycle1,tiger_na_4,-1,-1,cycleway2,tiger_na_4,-1,-1,cycleway,tiger_na_4,-1,-1;turn_lanes "turn_lanes" true true false 254 Text 0 0 ,First,#,route_bicycle1,turn_lanes,-1,-1,cycleway2,turn_lanes,-1,-1,cycleway,turn_lanes,-1,-1,bicycle_yes,turn_lanes,-1,-1;bridge "bridge" true true false 254 Text 0 0 ,First,#,route_bicycle1,bridge,-1,-1,highway_cycleway,bridge,-1,-1,cycleway2,bridge,-1,-1,cycleway,bridge,-1,-1,bicycle_yes,bridge,-1,-1;layer "layer" true true false 254 Text 0 0 ,First,#,route_bicycle1,layer,-1,-1,highway_cycleway,layer,-1,-1,cycleway2,layer,-1,-1,cycleway,layer,-1,-1,bicycle_yes,layer,-1,-1;motor_vehi "motor_vehi" true true false 254 Text 0 0 ,First,#,route_bicycle1,motor_vehi,-1,-1,highway_cycleway,motor_vehi,-1,-1,cycleway2,motor_vehi,-1,-1,cycleway,motor_vehi,-1,-1,bicycle_yes,motor_vehi,-1,-1;sidewalk "sidewalk" true true false 254 Text 0 0 ,First,#,route_bicycle1,sidewalk,-1,-1,highway_cycleway,sidewalk,-1,-1,cycleway2,sidewalk,-1,-1,cycleway,sidewalk,-1,-1,bicycle_yes,sidewalk,-1,-1;tiger_na_5 "tiger_na_5" true true false 254 Text 0 0 ,First,#,route_bicycle1,tiger_na_5,-1,-1,cycleway2,tiger_na_5,-1,-1,cycleway,tiger_na_5,-1,-1;tiger_na_6 "tiger_na_6" true true false 254 Text 0 0 ,First,#,route_bicycle1,tiger_na_6,-1,-1,cycleway2,tiger_na_6,-1,-1,cycleway,tiger_na_6,-1,-1;parking_la "parking_la" true true false 254 Text 0 0 ,First,#,route_bicycle1,parking_la,-1,-1,cycleway2,parking_la,-1,-1,cycleway,parking_la,-1,-1,bicycle_yes,parking_la,-1,-1;access "access" true true false 254 Text 0 0 ,First,#,route_bicycle1,access,-1,-1,highway_cycleway,access,-1,-1,cycleway2,access,-1,-1,cycleway,access,-1,-1,bicycle_yes,access,-1,-1;tiger_sepa "tiger_sepa" true true false 254 Text 0 0 ,First,#,route_bicycle1,tiger_sepa,-1,-1,cycleway2,tiger_sepa,-1,-1,cycleway,tiger_sepa,-1,-1,bicycle_yes,tiger_sepa,-1,-1;tiger_sour "tiger_sour" true true false 254 Text 0 0 ,First,#,route_bicycle1,tiger_sour,-1,-1,cycleway2,tiger_sour,-1,-1,cycleway,tiger_sour,-1,-1,bicycle_yes,tiger_sour,-1,-1;tiger_tlid "tiger_tlid" true true false 254 Text 0 0 ,First,#,route_bicycle1,tiger_tlid,-1,-1,cycleway2,tiger_tlid,-1,-1,cycleway,tiger_tlid,-1,-1,bicycle_yes,tiger_tlid,-1,-1;old_name "old_name" true true false 254 Text 0 0 ,First,#,route_bicycle1,old_name,-1,-1,cycleway2,old_name,-1,-1,cycleway,old_name,-1,-1,bicycle_yes,old_name,-1,-1;turn_lan_1 "turn_lan_1" true true false 254 Text 0 0 ,First,#,route_bicycle1,turn_lan_1,-1,-1,cycleway2,turn_lan_1,-1,-1,cycleway,turn_lan_1,-1,-1,bicycle_yes,turn_lan_1,-1,-1;tiger_zi_4 "tiger_zi_4" true true false 254 Text 0 0 ,First,#,route_bicycle1,tiger_zi_4,-1,-1,cycleway2,tiger_zi_4,-1,-1,cycleway,tiger_zi_4,-1,-1;turn_lan_2 "turn_lan_2" true true false 254 Text 0 0 ,First,#,route_bicycle1,turn_lan_2,-1,-1,cycleway2,turn_lan_2,-1,-1,cycleway,turn_lan_2,-1,-1,bicycle_yes,turn_lan_2,-1,-1;maxspeed_t "maxspeed_t" true true false 254 Text 0 0 ,First,#,route_bicycle1,maxspeed_t,-1,-1,cycleway2,maxspeed_t,-1,-1,cycleway,maxspeed_t,-1,-1,bicycle_yes,maxspeed_t,-1,-1;tiger_zi_5 "tiger_zi_5" true true false 254 Text 0 0 ,First,#,route_bicycle1,tiger_zi_5,-1,-1,cycleway2,tiger_zi_5,-1,-1,cycleway,tiger_zi_5,-1,-1;tiger_zi_6 "tiger_zi_6" true true false 254 Text 0 0 ,First,#,route_bicycle1,tiger_zi_6,-1,-1,cycleway2,tiger_zi_6,-1,-1,cycleway,tiger_zi_6,-1,-1;tiger_zi_7 "tiger_zi_7" true true false 254 Text 0 0 ,First,#,route_bicycle1,tiger_zi_7,-1,-1,cycleway2,tiger_zi_7,-1,-1,cycleway,tiger_zi_7,-1,-1;tiger_zi_8 "tiger_zi_8" true true false 254 Text 0 0 ,First,#,route_bicycle1,tiger_zi_8,-1,-1,cycleway2,tiger_zi_8,-1,-1,cycleway,tiger_zi_8,-1,-1;tiger_zi_9 "tiger_zi_9" true true false 254 Text 0 0 ,First,#,route_bicycle1,tiger_zi_9,-1,-1,cycleway2,tiger_zi_9,-1,-1,cycleway,tiger_zi_9,-1,-1;odbl "odbl" true true false 254 Text 0 0 ,First,#,route_bicycle1,odbl,-1,-1;reg_ref "reg_ref" true true false 254 Text 0 0 ,First,#,route_bicycle1,reg_ref,-1,-1;turn_lan_3 "turn_lan_3" true true false 254 Text 0 0 ,First,#,route_bicycle1,turn_lan_3,-1,-1,cycleway2,turn_lan_3,-1,-1,cycleway,turn_lan_3,-1,-1;cycleway_r "cycleway_r" true true false 254 Text 0 0 ,First,#,route_bicycle1,cycleway_r,-1,-1;cycleway_l "cycleway_l" true true false 254 Text 0 0 ,First,#,route_bicycle1,cycleway_l,-1,-1,cycleway2,cycleway_l,-1,-1,cycleway,cycleway_l,-1,-1;parking__1 "parking__1" true true false 254 Text 0 0 ,First,#,route_bicycle1,parking__1,-1,-1,cycleway2,parking__1,-1,-1,cycleway,parking__1,-1,-1;parking__2 "parking__2" true true false 254 Text 0 0 ,First,#,route_bicycle1,parking__2,-1,-1,cycleway2,parking__2,-1,-1,cycleway,parking__2,-1,-1;oneway_bic "oneway_bic" true true false 254 Text 0 0 ,First,#,route_bicycle1,oneway_bic,-1,-1,cycleway2,oneway_bic,-1,-1,cycleway,oneway_bic,-1,-1,bicycle_yes,oneway_bic,-1,-1;tiger_na_7 "tiger_na_7" true true false 254 Text 0 0 ,First,#,route_bicycle1,tiger_na_7,-1,-1,cycleway2,tiger_na_7,-1,-1,cycleway,tiger_na_7,-1,-1;source_max "source_max" true true false 254 Text 0 0 ,First,#,route_bicycle1,source_max,-1,-1,cycleway2,source_max,-1,-1,cycleway,source_max,-1,-1;shoulder "shoulder" true true false 254 Text 0 0 ,First,#,route_bicycle1,shoulder,-1,-1;shoulder_w "shoulder_w" true true false 254 Text 0 0 ,First,#,route_bicycle1,shoulder_w,-1,-1;lit "lit" true true false 254 Text 0 0 ,First,#,route_bicycle1,lit,-1,-1,highway_cycleway,lit,-1,-1,cycleway2,lit,-1,-1,cycleway,lit,-1,-1,bicycle_yes,lit,-1,-1;expressway "expressway" true true false 254 Text 0 0 ,First,#,route_bicycle1,expressway,-1,-1;maxheight "maxheight" true true false 254 Text 0 0 ,First,#,route_bicycle1,maxheight,-1,-1;foot "foot" true true false 254 Text 0 0 ,First,#,route_bicycle1,foot,-1,-1,highway_cycleway,foot,-1,-1,cycleway2,foot,-1,-1,cycleway,foot,-1,-1,bicycle_yes,foot,-1,-1;horse "horse" true true false 254 Text 0 0 ,First,#,route_bicycle1,horse,-1,-1,highway_cycleway,horse,-1,-1,cycleway2,horse,-1,-1,cycleway,horse,-1,-1,bicycle_yes,horse,-1,-1;name_etymo "name_etymo" true true false 254 Text 0 0 ,First,#,route_bicycle1,name_etymo,-1,-1,cycleway2,name_etymo,-1,-1,cycleway,name_etymo,-1,-1;loc_name "loc_name" true true false 254 Text 0 0 ,First,#,route_bicycle1,loc_name,-1,-1,cycleway2,loc_name,-1,-1,cycleway,loc_name,-1,-1;bridge_nam "bridge_nam" true true false 254 Text 0 0 ,First,#,route_bicycle1,bridge_nam,-1,-1,cycleway2,bridge_nam,-1,-1,cycleway,bridge_nam,-1,-1,bicycle_yes,bridge_nam,-1,-1;lcn "lcn" true true false 254 Text 0 0 ,First,#,route_bicycle1,lcn,-1,-1,highway_cycleway,lcn,-1,-1,cycleway2,lcn,-1,-1,cycleway,lcn,-1,-1,bicycle_yes,lcn,-1,-1;lcn_ref "lcn_ref" true true false 254 Text 0 0 ,First,#,route_bicycle1,lcn_ref,-1,-1,highway_cycleway,lcn_ref,-1,-1,cycleway2,lcn_ref,-1,-1,cycleway,lcn_ref,-1,-1,bicycle_yes,lcn_ref,-1,-1;hgv "hgv" true true false 254 Text 0 0 ,First,#,route_bicycle1,hgv,-1,-1,cycleway2,hgv,-1,-1,cycleway,hgv,-1,-1;source_nam "source_nam" true true false 254 Text 0 0 ,First,#,route_bicycle1,source_nam,-1,-1,cycleway2,source_nam,-1,-1,cycleway,source_nam,-1,-1,bicycle_yes,source_nam,-1,-1;project "project" true true false 254 Text 0 0 ,First,#,route_bicycle1,project,-1,-1;segregated "segregated" true true false 254 Text 0 0 ,First,#,route_bicycle1,segregated,-1,-1,highway_cycleway,segregated,-1,-1,bicycle_yes,segregated,-1,-1;junction "junction" true true false 254 Text 0 0 ,First,#,route_bicycle1,junction,-1,-1,cycleway2,junction,-1,-1,cycleway,junction,-1,-1,bicycle_yes,junction,-1,-1;maxspeed_c "maxspeed_c" true true false 254 Text 0 0 ,First,#,route_bicycle1,maxspeed_c,-1,-1,cycleway2,maxspeed_c,-1,-1,cycleway,maxspeed_c,-1,-1;tunnel "tunnel" true true false 254 Text 0 0 ,First,#,route_bicycle1,tunnel,-1,-1,highway_cycleway,tunnel,-1,-1,bicycle_yes,tunnel,-1,-1;maxweight "maxweight" true true false 254 Text 0 0 ,First,#,route_bicycle1,maxweight,-1,-1;width "width" true true false 254 Text 0 0 ,First,#,route_bicycle1,width,-1,-1,highway_cycleway,width,-1,-1,cycleway2,width,-1,-1,cycleway,width,-1,-1,bicycle_yes,width,-1,-1;covered "covered" true true false 254 Text 0 0 ,First,#,route_bicycle1,covered,-1,-1;cycleway_1 "cycleway_1" true true false 254 Text 0 0 ,First,#,route_bicycle1,cycleway_1,-1,-1,cycleway2,cycleway_1,-1,-1,cycleway,cycleway_1,-1,-1;cycle_netw "cycle_netw" true true false 254 Text 0 0 ,First,#,route_bicycle1,cycle_netw,-1,-1,highway_cycleway,cycle_netw,-1,-1,bicycle_yes,cycle_netw,-1,-1;incline "incline" true true false 254 Text 0 0 ,First,#,route_bicycle1,incline,-1,-1,highway_cycleway,incline,-1,-1,bicycle_yes,incline,-1,-1;trail_visi "trail_visi" true true false 254 Text 0 0 ,First,#,route_bicycle1,trail_visi,-1,-1,highway_cycleway,trail_visi,-1,-1,bicycle_yes,trail_visi,-1,-1;constructi "constructi" true true false 254 Text 0 0 ,First,#,route_bicycle1,constructi,-1,-1,highway_cycleway,constructi,-1,-1,bicycle_yes,constructi,-1,-1;ford "ford" true true false 254 Text 0 0 ,First,#,highway_cycleway,ford,-1,-1,bicycle_yes,ford,-1,-1;website "website" true true false 254 Text 0 0 ,First,#,highway_cycleway,website,-1,-1;tracktype "tracktype" true true false 254 Text 0 0 ,First,#,highway_cycleway,tracktype,-1,-1,bicycle_yes,tracktype,-1,-1;highway_1 "highway_1" true true false 254 Text 0 0 ,First,#,highway_cycleway,highway_1,-1,-1;embankment "embankment" true true false 254 Text 0 0 ,First,#,highway_cycleway,embankment,-1,-1,bicycle_yes,embankment,-1,-1;descriptio "descriptio" true true false 254 Text 0 0 ,First,#,highway_cycleway,descriptio,-1,-1,bicycle_yes,descriptio,-1,-1;reg_name "reg_name" true true false 254 Text 0 0 ,First,#,cycleway2,reg_name,-1,-1,cycleway,reg_name,-1,-1;service "service" true true false 254 Text 0 0 ,First,#,cycleway2,service,-1,-1,cycleway,service,-1,-1,bicycle_yes,service,-1,-1;name_2 "name_2" true true false 254 Text 0 0 ,First,#,cycleway2,name_2,-1,-1,cycleway,name_2,-1,-1;name_3 "name_3" true true false 254 Text 0 0 ,First,#,cycleway2,name_3,-1,-1,cycleway,name_3,-1,-1;tiger_na_8 "tiger_na_8" true true false 254 Text 0 0 ,First,#,cycleway2,tiger_na_8,-1,-1,cycleway,tiger_na_8,-1,-1;tiger_na_9 "tiger_na_9" true true false 254 Text 0 0 ,First,#,cycleway2,tiger_na_9,-1,-1,cycleway,tiger_na_9,-1,-1;NHS "NHS" true true false 254 Text 0 0 ,First,#,cycleway2,NHS,-1,-1,cycleway,NHS,-1,-1,bicycle_yes,NHS,-1,-1;status "status" true true false 254 Text 0 0 ,First,#,cycleway2,status,-1,-1,cycleway,status,-1,-1;history "history" true true false 254 Text 0 0 ,First,#,bicycle_yes,history,-1,-1;level "level" true true false 254 Text 0 0 ,First,#,bicycle_yes,level,-1,-1;footway "footway" true true false 254 Text 0 0 ,First,#,bicycle_yes,footway,-1,-1;mtb_scale_ "mtb_scale_" true true false 254 Text 0 0 ,First,#,bicycle_yes,mtb_scale_,-1,-1;sac_scale "sac_scale" true true false 254 Text 0 0 ,First,#,bicycle_yes,sac_scale,-1,-1;mtb_scale "mtb_scale" true true false 254 Text 0 0 ,First,#,bicycle_yes,mtb_scale,-1,-1;addr_city "addr_city" true true false 254 Text 0 0 ,First,#,bicycle_yes,addr_city,-1,-1;addr_house "addr_house" true true false 254 Text 0 0 ,First,#,bicycle_yes,addr_house,-1,-1;addr_postc "addr_postc" true true false 254 Text 0 0 ,First,#,bicycle_yes,addr_postc,-1,-1;addr_stree "addr_stree" true true false 254 Text 0 0 ,First,#,bicycle_yes,addr_stree,-1,-1;wheelchair "wheelchair" true true false 254 Text 0 0 ,First,#,bicycle_yes,wheelchair,-1,-1;crossing "crossing" true true false 254 Text 0 0 ,First,#,bicycle_yes,crossing,-1,-1;tactile_pa "tactile_pa" true true false 254 Text 0 0 ,First,#,bicycle_yes,tactile_pa,-1,-1;emergency "emergency" true true false 254 Text 0 0 ,First,#,bicycle_yes,emergency,-1,-1;mtb_scal_1 "mtb_scal_1" true true false 254 Text 0 0 ,First,#,bicycle_yes,mtb_scal_1,-1,-1;barrier "barrier" true true false 254 Text 0 0 ,First,#,bicycle_yes,barrier,-1,-1;kerb "kerb" true true false 254 Text 0 0 ,First,#,bicycle_yes,kerb,-1,-1;traffic_ca "traffic_ca" true true false 254 Text 0 0 ,First,#,bicycle_yes,traffic_ca,-1,-1"</Process></lineage></DataProperties><SyncDate>20200425</SyncDate><SyncTime>14225400</SyncTime><ModDate>20200425</ModDate><ModTime>14225400</ModTime></Esri><dataIdInfo><envirDesc Sync="TRUE"> Version 6.2 (Build 9200) ; Esri ArcGIS 10.5.1.7333</envirDesc><dataLang><languageCode value="eng" Sync="TRUE"></languageCode><countryCode value="USA" Sync="TRUE"></countryCode></dataLang><idCitation><resTitle Sync="TRUE">Bikeways_merge</resTitle><presForm><PresFormCd value="005" Sync="TRUE"></PresFormCd></presForm></idCitation><spatRpType><SpatRepTypCd value="001" Sync="TRUE"></SpatRepTypCd></spatRpType><dataExt><geoEle><GeoBndBox esriExtentType="search"><exTypeCode Sync="TRUE">1</exTypeCode><westBL Sync="TRUE">-98.082469</westBL><eastBL Sync="TRUE">-97.283188</eastBL><northBL Sync="TRUE">30.610775</northBL><southBL Sync="TRUE">30.086292</southBL></GeoBndBox></geoEle></dataExt></dataIdInfo><mdLang><languageCode value="eng" Sync="TRUE"></languageCode><countryCode value="USA" Sync="TRUE"></countryCode></mdLang><mdChar><CharSetCd value="004" Sync="TRUE"></CharSetCd></mdChar><distInfo><distFormat><formatName Sync="TRUE">Shapefile</formatName></distFormat><distTranOps><transSize Sync="TRUE">2.029</transSize></distTranOps></distInfo><mdHrLv><ScopeCd value="005" Sync="TRUE"></ScopeCd></mdHrLv><mdHrLvName Sync="TRUE">dataset</mdHrLvName><refSysInfo><RefSystem><refSysID><identCode code="4326" Sync="TRUE"></identCode><idCodeSpace Sync="TRUE">EPSG</idCodeSpace><idVersion Sync="TRUE">6.14(3.0.1)</idVersion></refSysID></RefSystem></refSysInfo><spatRepInfo><VectSpatRep><geometObjs Name="Bikeways_merge"><geoObjTyp><GeoObjTypCd value="002" Sync="TRUE"></GeoObjTypCd></geoObjTyp><geoObjCnt Sync="TRUE">8168</geoObjCnt></geometObjs><topLvl><TopoLevCd value="001" Sync="TRUE"></TopoLevCd></topLvl></VectSpatRep></spatRepInfo><spdoinfo><ptvctinf><esriterm Name="Bikeways_merge"><efeatyp Sync="TRUE">Simple</efeatyp><efeageom code="3" Sync="TRUE"></efeageom><esritopo Sync="TRUE">FALSE</esritopo><efeacnt Sync="TRUE">8168</efeacnt><spindex Sync="TRUE">TRUE</spindex><linrefer Sync="TRUE">FALSE</linrefer></esriterm></ptvctinf></spdoinfo><eainfo><detailed Name="Bikeways_merge"><enttyp><enttypl Sync="TRUE">Bikeways_merge</enttypl><enttypt Sync="TRUE">Feature Class</enttypt><enttypc Sync="TRUE">8168</enttypc></enttyp><attr><attrlabl Sync="TRUE">FID</attrlabl><attalias Sync="TRUE">FID</attalias><attrtype Sync="TRUE">OID</attrtype><attwidth Sync="TRUE">4</attwidth><atprecis Sync="TRUE">0</atprecis><attscale Sync="TRUE">0</attscale><attrdef Sync="TRUE">Internal feature number.</attrdef><attrdefs Sync="TRUE">Esri</attrdefs><attrdomv><udom Sync="TRUE">Sequential unique whole numbers that are automatically generated.</udom></attrdomv></attr><attr><attrlabl Sync="TRUE">Shape</attrlabl><attalias Sync="TRUE">Shape</attalias><attrtype Sync="TRUE">Geometry</attrtype><attwidth Sync="TRUE">0</attwidth><atprecis Sync="TRUE">0</atprecis><attscale Sync="TRUE">0</attscale><attrdef Sync="TRUE">Feature geometry.</attrdef><attrdefs Sync="TRUE">Esri</attrdefs><attrdomv><udom Sync="TRUE">Coordinates defining the features.</udom></attrdomv></attr><attr><attrlabl Sync="TRUE">full_id</attrlabl><attalias Sync="TRUE">full_id</attalias><attrtype Sync="TRUE">String</attrtype><attwidth Sync="TRUE">254</attwidth><atprecis Sync="TRUE">0</atprecis><attscale Sync="TRUE">0</attscale></attr><attr><attrlabl Sync="TRUE">osm_id</attrlabl><attalias Sync="TRUE">osm_id</attalias><attrtype Sync="TRUE">String</attrtype><attwidth Sync="TRUE">254</attwidth><atprecis Sync="TRUE">0</atprecis><attscale Sync="TRUE">0</attscale></attr><attr><attrlabl Sync="TRUE">osm_type</attrlabl><attalias Sync="TRUE">osm_type</attalias><attrtype Sync="TRUE">String</attrtype><attwidth Sync="TRUE">254</attwidth><atprecis Sync="TRUE">0</atprecis><attscale Sync="TRUE">0</attscale></attr><attr><attrlabl Sync="TRUE">name</attrlabl><attalias Sync="TRUE">name</attalias><attrtype Sync="TRUE">String</attrtype><attwidth Sync="TRUE">254</attwidth><atprecis Sync="TRUE">0</atprecis><attscale Sync="TRUE">0</attscale></attr><attr><attrlabl Sync="TRUE">network</attrlabl><attalias Sync="TRUE">network</attalias><attrtype Sync="TRUE">String</attrtype><attwidth Sync="TRUE">254</attwidth><atprecis Sync="TRUE">0</atprecis><attscale Sync="TRUE">0</attscale></attr><attr><attrlabl Sync="TRUE">ref</attrlabl><attalias Sync="TRUE">ref</attalias><attrtype Sync="TRUE">String</attrtype><attwidth Sync="TRUE">254</attwidth><atprecis Sync="TRUE">0</atprecis><attscale Sync="TRUE">0</attscale></attr><attr><attrlabl Sync="TRUE">route</attrlabl><attalias Sync="TRUE">route</attalias><attrtype Sync="TRUE">String</attrtype><attwidth Sync="TRUE">254</attwidth><atprecis Sync="TRUE">0</atprecis><attscale Sync="TRUE">0</attscale></attr><attr><attrlabl Sync="TRUE">type</attrlabl><attalias Sync="TRUE">type</attalias><attrtype Sync="TRUE">String</attrtype><attwidth Sync="TRUE">254</attwidth><atprecis Sync="TRUE">0</atprecis><attscale Sync="TRUE">0</attscale></attr><attr><attrlabl Sync="TRUE">designatio</attrlabl><attalias Sync="TRUE">designatio</attalias><attrtype Sync="TRUE">String</attrtype><attwidth Sync="TRUE">254</attwidth><atprecis Sync="TRUE">0</atprecis><attscale Sync="TRUE">0</attscale></attr><attr><attrlabl Sync="TRUE">frontage_r</attrlabl><attalias Sync="TRUE">frontage_r</attalias><attrtype Sync="TRUE">String</attrtype><attwidth Sync="TRUE">254</attwidth><atprecis Sync="TRUE">0</atprecis><attscale Sync="TRUE">0</attscale></attr><attr><attrlabl Sync="TRUE">highway</attrlabl><attalias Sync="TRUE">highway</attalias><attrtype Sync="TRUE">String</attrtype><attwidth Sync="TRUE">254</attwidth><atprecis Sync="TRUE">0</atprecis><attscale Sync="TRUE">0</attscale></attr><attr><attrlabl Sync="TRUE">oneway</attrlabl><attalias Sync="TRUE">oneway</attalias><attrtype Sync="TRUE">String</attrtype><attwidth Sync="TRUE">254</attwidth><atprecis Sync="TRUE">0</atprecis><attscale Sync="TRUE">0</attscale></attr><attr><attrlabl Sync="TRUE">Texas_Trun</attrlabl><attalias Sync="TRUE">Texas_Trun</attalias><attrtype Sync="TRUE">String</attrtype><attwidth Sync="TRUE">254</attwidth><atprecis Sync="TRUE">0</atprecis><attscale Sync="TRUE">0</attscale></attr><attr><attrlabl Sync="TRUE">lanes</attrlabl><attalias Sync="TRUE">lanes</attalias><attrtype Sync="TRUE">String</attrtype><attwidth Sync="TRUE">254</attwidth><atprecis Sync="TRUE">0</atprecis><attscale Sync="TRUE">0</attscale></attr><attr><attrlabl Sync="TRUE">old_ref</attrlabl><attalias Sync="TRUE">old_ref</attalias><attrtype Sync="TRUE">String</attrtype><attwidth Sync="TRUE">254</attwidth><atprecis Sync="TRUE">0</atprecis><attscale Sync="TRUE">0</attscale></attr><attr><attrlabl Sync="TRUE">source_Tex</attrlabl><attalias Sync="TRUE">source_Tex</attalias><attrtype Sync="TRUE">String</attrtype><attwidth Sync="TRUE">254</attwidth><atprecis Sync="TRUE">0</atprecis><attscale Sync="TRUE">0</attscale></attr><attr><attrlabl Sync="TRUE">surface</attrlabl><attalias Sync="TRUE">surface</attalias><attrtype Sync="TRUE">String</attrtype><attwidth Sync="TRUE">254</attwidth><atprecis Sync="TRUE">0</atprecis><attscale Sync="TRUE">0</attscale></attr><attr><attrlabl Sync="TRUE">tiger_cfcc</attrlabl><attalias Sync="TRUE">tiger_cfcc</attalias><attrtype Sync="TRUE">String</attrtype><attwidth Sync="TRUE">254</attwidth><atprecis Sync="TRUE">0</atprecis><attscale Sync="TRUE">0</attscale></attr><attr><attrlabl Sync="TRUE">tiger_coun</attrlabl><attalias Sync="TRUE">tiger_coun</attalias><attrtype Sync="TRUE">String</attrtype><attwidth Sync="TRUE">254</attwidth><atprecis Sync="TRUE">0</atprecis><attscale Sync="TRUE">0</attscale></attr><attr><attrlabl Sync="TRUE">tiger_name</attrlabl><attalias Sync="TRUE">tiger_name</attalias><attrtype Sync="TRUE">String</attrtype><attwidth Sync="TRUE">254</attwidth><atprecis Sync="TRUE">0</atprecis><attscale Sync="TRUE">0</attscale></attr><attr><attrlabl Sync="TRUE">tiger_na_1</attrlabl><attalias Sync="TRUE">tiger_na_1</attalias><attrtype Sync="TRUE">String</attrtype><attwidth Sync="TRUE">254</attwidth><atprecis Sync="TRUE">0</atprecis><attscale Sync="TRUE">0</attscale></attr><attr><attrlabl Sync="TRUE">tiger_na_2</attrlabl><attalias Sync="TRUE">tiger_na_2</attalias><attrtype Sync="TRUE">String</attrtype><attwidth Sync="TRUE">254</attwidth><atprecis Sync="TRUE">0</atprecis><attscale Sync="TRUE">0</attscale></attr><attr><attrlabl Sync="TRUE">destinatio</attrlabl><attalias Sync="TRUE">destinatio</attalias><attrtype Sync="TRUE">String</attrtype><attwidth Sync="TRUE">254</attwidth><atprecis Sync="TRUE">0</atprecis><attscale Sync="TRUE">0</attscale></attr><attr><attrlabl Sync="TRUE">destinat_1</attrlabl><attalias Sync="TRUE">destinat_1</attalias><attrtype Sync="TRUE">String</attrtype><attwidth Sync="TRUE">254</attwidth><atprecis Sync="TRUE">0</atprecis><attscale Sync="TRUE">0</attscale></attr><attr><attrlabl Sync="TRUE">name_1</attrlabl><attalias Sync="TRUE">name_1</attalias><attrtype Sync="TRUE">String</attrtype><attwidth Sync="TRUE">254</attwidth><atprecis Sync="TRUE">0</atprecis><attscale Sync="TRUE">0</attscale></attr><attr><attrlabl Sync="TRUE">tiger_zip_</attrlabl><attalias Sync="TRUE">tiger_zip_</attalias><attrtype Sync="TRUE">String</attrtype><attwidth Sync="TRUE">254</attwidth><atprecis Sync="TRUE">0</atprecis><attscale Sync="TRUE">0</attscale></attr><attr><attrlabl Sync="TRUE">tiger_zi_1</attrlabl><attalias Sync="TRUE">tiger_zi_1</attalias><attrtype Sync="TRUE">String</attrtype><attwidth Sync="TRUE">254</attwidth><atprecis Sync="TRUE">0</atprecis><attscale Sync="TRUE">0</attscale></attr><attr><attrlabl Sync="TRUE">tiger_zi_2</attrlabl><attalias Sync="TRUE">tiger_zi_2</attalias><attrtype Sync="TRUE">String</attrtype><attwidth Sync="TRUE">254</attwidth><atprecis Sync="TRUE">0</atprecis><attscale Sync="TRUE">0</attscale></attr><attr><attrlabl Sync="TRUE">tiger_zi_3</attrlabl><attalias Sync="TRUE">tiger_zi_3</attalias><attrtype Sync="TRUE">String</attrtype><attwidth Sync="TRUE">254</attwidth><atprecis Sync="TRUE">0</atprecis><attscale Sync="TRUE">0</attscale></attr><attr><attrlabl Sync="TRUE">maxspeed</attrlabl><attalias Sync="TRUE">maxspeed</attalias><attrtype Sync="TRUE">String</attrtype><attwidth Sync="TRUE">254</attwidth><atprecis Sync="TRUE">0</atprecis><attscale Sync="TRUE">0</attscale></attr><attr><attrlabl Sync="TRUE">bicycle</attrlabl><attalias Sync="TRUE">bicycle</attalias><attrtype Sync="TRUE">String</attrtype><attwidth Sync="TRUE">254</attwidth><atprecis Sync="TRUE">0</atprecis><attscale Sync="TRUE">0</attscale></attr><attr><attrlabl Sync="TRUE">tiger_revi</attrlabl><attalias Sync="TRUE">tiger_revi</attalias><attrtype Sync="TRUE">String</attrtype><attwidth Sync="TRUE">254</attwidth><atprecis Sync="TRUE">0</atprecis><attscale Sync="TRUE">0</attscale></attr><attr><attrlabl Sync="TRUE">tiger_na_3</attrlabl><attalias Sync="TRUE">tiger_na_3</attalias><attrtype Sync="TRUE">String</attrtype><attwidth Sync="TRUE">254</attwidth><atprecis Sync="TRUE">0</atprecis><attscale Sync="TRUE">0</attscale></attr><attr><attrlabl Sync="TRUE">cycleway</attrlabl><attalias Sync="TRUE">cycleway</attalias><attrtype Sync="TRUE">String</attrtype><attwidth Sync="TRUE">254</attwidth><atprecis Sync="TRUE">0</atprecis><attscale Sync="TRUE">0</attscale></attr><attr><attrlabl Sync="TRUE">lanes_back</attrlabl><attalias Sync="TRUE">lanes_back</attalias><attrtype Sync="TRUE">String</attrtype><attwidth Sync="TRUE">254</attwidth><atprecis Sync="TRUE">0</atprecis><attscale Sync="TRUE">0</attscale></attr><attr><attrlabl Sync="TRUE">lanes_both</attrlabl><attalias Sync="TRUE">lanes_both</attalias><attrtype Sync="TRUE">String</attrtype><attwidth Sync="TRUE">254</attwidth><atprecis Sync="TRUE">0</atprecis><attscale Sync="TRUE">0</attscale></attr><attr><attrlabl Sync="TRUE">lanes_forw</attrlabl><attalias Sync="TRUE">lanes_forw</attalias><attrtype Sync="TRUE">String</attrtype><attwidth Sync="TRUE">254</attwidth><atprecis Sync="TRUE">0</atprecis><attscale Sync="TRUE">0</attscale></attr><attr><attrlabl Sync="TRUE">tiger_na_4</attrlabl><attalias Sync="TRUE">tiger_na_4</attalias><attrtype Sync="TRUE">String</attrtype><attwidth Sync="TRUE">254</attwidth><atprecis Sync="TRUE">0</atprecis><attscale Sync="TRUE">0</attscale></attr><attr><attrlabl Sync="TRUE">turn_lanes</attrlabl><attalias Sync="TRUE">turn_lanes</attalias><attrtype Sync="TRUE">String</attrtype><attwidth Sync="TRUE">254</attwidth><atprecis Sync="TRUE">0</atprecis><attscale Sync="TRUE">0</attscale></attr><attr><attrlabl Sync="TRUE">bridge</attrlabl><attalias Sync="TRUE">bridge</attalias><attrtype Sync="TRUE">String</attrtype><attwidth Sync="TRUE">254</attwidth><atprecis Sync="TRUE">0</atprecis><attscale Sync="TRUE">0</attscale></attr><attr><attrlabl Sync="TRUE">layer</attrlabl><attalias Sync="TRUE">layer</attalias><attrtype Sync="TRUE">String</attrtype><attwidth Sync="TRUE">254</attwidth><atprecis Sync="TRUE">0</atprecis><attscale Sync="TRUE">0</attscale></attr><attr><attrlabl Sync="TRUE">motor_vehi</attrlabl><attalias Sync="TRUE">motor_vehi</attalias><attrtype Sync="TRUE">String</attrtype><attwidth Sync="TRUE">254</attwidth><atprecis Sync="TRUE">0</atprecis><attscale Sync="TRUE">0</attscale></attr><attr><attrlabl Sync="TRUE">sidewalk</attrlabl><attalias Sync="TRUE">sidewalk</attalias><attrtype Sync="TRUE">String</attrtype><attwidth Sync="TRUE">254</attwidth><atprecis Sync="TRUE">0</atprecis><attscale Sync="TRUE">0</attscale></attr><attr><attrlabl Sync="TRUE">tiger_na_5</attrlabl><attalias Sync="TRUE">tiger_na_5</attalias><attrtype Sync="TRUE">String</attrtype><attwidth Sync="TRUE">254</attwidth><atprecis Sync="TRUE">0</atprecis><attscale Sync="TRUE">0</attscale></attr><attr><attrlabl Sync="TRUE">tiger_na_6</attrlabl><attalias Sync="TRUE">tiger_na_6</attalias><attrtype Sync="TRUE">String</attrtype><attwidth Sync="TRUE">254</attwidth><atprecis Sync="TRUE">0</atprecis><attscale Sync="TRUE">0</attscale></attr><attr><attrlabl Sync="TRUE">parking_la</attrlabl><attalias Sync="TRUE">parking_la</attalias><attrtype Sync="TRUE">String</attrtype><attwidth Sync="TRUE">254</attwidth><atprecis Sync="TRUE">0</atprecis><attscale Sync="TRUE">0</attscale></attr><attr><attrlabl Sync="TRUE">access</attrlabl><attalias Sync="TRUE">access</attalias><attrtype Sync="TRUE">String</attrtype><attwidth Sync="TRUE">254</attwidth><atprecis Sync="TRUE">0</atprecis><attscale Sync="TRUE">0</attscale></attr><attr><attrlabl Sync="TRUE">tiger_sepa</attrlabl><attalias Sync="TRUE">tiger_sepa</attalias><attrtype Sync="TRUE">String</attrtype><attwidth Sync="TRUE">254</attwidth><atprecis Sync="TRUE">0</atprecis><attscale Sync="TRUE">0</attscale></attr><attr><attrlabl Sync="TRUE">tiger_sour</attrlabl><attalias Sync="TRUE">tiger_sour</attalias><attrtype Sync="TRUE">String</attrtype><attwidth Sync="TRUE">254</attwidth><atprecis Sync="TRUE">0</atprecis><attscale Sync="TRUE">0</attscale></attr><attr><attrlabl Sync="TRUE">tiger_tlid</attrlabl><attalias Sync="TRUE">tiger_tlid</attalias><attrtype Sync="TRUE">String</attrtype><attwidth Sync="TRUE">254</attwidth><atprecis Sync="TRUE">0</atprecis><attscale Sync="TRUE">0</attscale></attr><attr><attrlabl Sync="TRUE">old_name</attrlabl><attalias Sync="TRUE">old_name</attalias><attrtype Sync="TRUE">String</attrtype><attwidth Sync="TRUE">254</attwidth><atprecis Sync="TRUE">0</atprecis><attscale Sync="TRUE">0</attscale></attr><attr><attrlabl Sync="TRUE">turn_lan_1</attrlabl><attalias Sync="TRUE">turn_lan_1</attalias><attrtype Sync="TRUE">String</attrtype><attwidth Sync="TRUE">254</attwidth><atprecis Sync="TRUE">0</atprecis><attscale Sync="TRUE">0</attscale></attr><attr><attrlabl Sync="TRUE">tiger_zi_4</attrlabl><attalias Sync="TRUE">tiger_zi_4</attalias><attrtype Sync="TRUE">String</attrtype><attwidth Sync="TRUE">254</attwidth><atprecis Sync="TRUE">0</atprecis><attscale Sync="TRUE">0</attscale></attr><attr><attrlabl Sync="TRUE">turn_lan_2</attrlabl><attalias Sync="TRUE">turn_lan_2</attalias><attrtype Sync="TRUE">String</attrtype><attwidth Sync="TRUE">254</attwidth><atprecis Sync="TRUE">0</atprecis><attscale Sync="TRUE">0</attscale></attr><attr><attrlabl Sync="TRUE">maxspeed_t</attrlabl><attalias Sync="TRUE">maxspeed_t</attalias><attrtype Sync="TRUE">String</attrtype><attwidth Sync="TRUE">254</attwidth><atprecis Sync="TRUE">0</atprecis><attscale Sync="TRUE">0</attscale></attr><attr><attrlabl Sync="TRUE">tiger_zi_5</attrlabl><attalias Sync="TRUE">tiger_zi_5</attalias><attrtype Sync="TRUE">String</attrtype><attwidth Sync="TRUE">254</attwidth><atprecis Sync="TRUE">0</atprecis><attscale Sync="TRUE">0</attscale></attr><attr><attrlabl Sync="TRUE">tiger_zi_6</attrlabl><attalias Sync="TRUE">tiger_zi_6</attalias><attrtype Sync="TRUE">String</attrtype><attwidth Sync="TRUE">254</attwidth><atprecis Sync="TRUE">0</atprecis><attscale Sync="TRUE">0</attscale></attr><attr><attrlabl Sync="TRUE">tiger_zi_7</attrlabl><attalias Sync="TRUE">tiger_zi_7</attalias><attrtype Sync="TRUE">String</attrtype><attwidth Sync="TRUE">254</attwidth><atprecis Sync="TRUE">0</atprecis><attscale Sync="TRUE">0</attscale></attr><attr><attrlabl Sync="TRUE">tiger_zi_8</attrlabl><attalias Sync="TRUE">tiger_zi_8</attalias><attrtype Sync="TRUE">String</attrtype><attwidth Sync="TRUE">254</attwidth><atprecis Sync="TRUE">0</atprecis><attscale Sync="TRUE">0</attscale></attr><attr><attrlabl Sync="TRUE">tiger_zi_9</attrlabl><attalias Sync="TRUE">tiger_zi_9</attalias><attrtype Sync="TRUE">String</attrtype><attwidth Sync="TRUE">254</attwidth><atprecis Sync="TRUE">0</atprecis><attscale Sync="TRUE">0</attscale></attr><attr><attrlabl Sync="TRUE">odbl</attrlabl><attalias Sync="TRUE">odbl</attalias><attrtype Sync="TRUE">String</attrtype><attwidth Sync="TRUE">254</attwidth><atprecis Sync="TRUE">0</atprecis><attscale Sync="TRUE">0</attscale></attr><attr><attrlabl Sync="TRUE">reg_ref</attrlabl><attalias Sync="TRUE">reg_ref</attalias><attrtype Sync="TRUE">String</attrtype><attwidth Sync="TRUE">254</attwidth><atprecis Sync="TRUE">0</atprecis><attscale Sync="TRUE">0</attscale></attr><attr><attrlabl Sync="TRUE">turn_lan_3</attrlabl><attalias Sync="TRUE">turn_lan_3</attalias><attrtype Sync="TRUE">String</attrtype><attwidth Sync="TRUE">254</attwidth><atprecis Sync="TRUE">0</atprecis><attscale Sync="TRUE">0</attscale></attr><attr><attrlabl Sync="TRUE">cycleway_r</attrlabl><attalias Sync="TRUE">cycleway_r</attalias><attrtype Sync="TRUE">String</attrtype><attwidth Sync="TRUE">254</attwidth><atprecis Sync="TRUE">0</atprecis><attscale Sync="TRUE">0</attscale></attr><attr><attrlabl Sync="TRUE">cycleway_l</attrlabl><attalias Sync="TRUE">cycleway_l</attalias><attrtype Sync="TRUE">String</attrtype><attwidth Sync="TRUE">254</attwidth><atprecis Sync="TRUE">0</atprecis><attscale Sync="TRUE">0</attscale></attr><attr><attrlabl Sync="TRUE">parking__1</attrlabl><attalias Sync="TRUE">parking__1</attalias><attrtype Sync="TRUE">String</attrtype><attwidth Sync="TRUE">254</attwidth><atprecis Sync="TRUE">0</atprecis><attscale Sync="TRUE">0</attscale></attr><attr><attrlabl Sync="TRUE">parking__2</attrlabl><attalias Sync="TRUE">parking__2</attalias><attrtype Sync="TRUE">String</attrtype><attwidth Sync="TRUE">254</attwidth><atprecis Sync="TRUE">0</atprecis><attscale Sync="TRUE">0</attscale></attr><attr><attrlabl Sync="TRUE">oneway_bic</attrlabl><attalias Sync="TRUE">oneway_bic</attalias><attrtype Sync="TRUE">String</attrtype><attwidth Sync="TRUE">254</attwidth><atprecis Sync="TRUE">0</atprecis><attscale Sync="TRUE">0</attscale></attr><attr><attrlabl Sync="TRUE">tiger_na_7</attrlabl><attalias Sync="TRUE">tiger_na_7</attalias><attrtype Sync="TRUE">String</attrtype><attwidth Sync="TRUE">254</attwidth><atprecis Sync="TRUE">0</atprecis><attscale Sync="TRUE">0</attscale></attr><attr><attrlabl Sync="TRUE">source_max</attrlabl><attalias Sync="TRUE">source_max</attalias><attrtype Sync="TRUE">String</attrtype><attwidth Sync="TRUE">254</attwidth><atprecis Sync="TRUE">0</atprecis><attscale Sync="TRUE">0</attscale></attr><attr><attrlabl Sync="TRUE">shoulder</attrlabl><attalias Sync="TRUE">shoulder</attalias><attrtype Sync="TRUE">String</attrtype><attwidth Sync="TRUE">254</attwidth><atprecis Sync="TRUE">0</atprecis><attscale Sync="TRUE">0</attscale></attr><attr><attrlabl Sync="TRUE">shoulder_w</attrlabl><attalias Sync="TRUE">shoulder_w</attalias><attrtype Sync="TRUE">String</attrtype><attwidth Sync="TRUE">254</attwidth><atprecis Sync="TRUE">0</atprecis><attscale Sync="TRUE">0</attscale></attr><attr><attrlabl Sync="TRUE">lit</attrlabl><attalias Sync="TRUE">lit</attalias><attrtype Sync="TRUE">String</attrtype><attwidth Sync="TRUE">254</attwidth><atprecis Sync="TRUE">0</atprecis><attscale Sync="TRUE">0</attscale></attr><attr><attrlabl Sync="TRUE">expressway</attrlabl><attalias Sync="TRUE">expressway</attalias><attrtype Sync="TRUE">String</attrtype><attwidth Sync="TRUE">254</attwidth><atprecis Sync="TRUE">0</atprecis><attscale Sync="TRUE">0</attscale></attr><attr><attrlabl Sync="TRUE">maxheight</attrlabl><attalias Sync="TRUE">maxheight</attalias><attrtype Sync="TRUE">String</attrtype><attwidth Sync="TRUE">254</attwidth><atprecis Sync="TRUE">0</atprecis><attscale Sync="TRUE">0</attscale></attr><attr><attrlabl Sync="TRUE">foot</attrlabl><attalias Sync="TRUE">foot</attalias><attrtype Sync="TRUE">String</attrtype><attwidth Sync="TRUE">254</attwidth><atprecis Sync="TRUE">0</atprecis><attscale Sync="TRUE">0</attscale></attr><attr><attrlabl Sync="TRUE">horse</attrlabl><attalias Sync="TRUE">horse</attalias><attrtype Sync="TRUE">String</attrtype><attwidth Sync="TRUE">254</attwidth><atprecis Sync="TRUE">0</atprecis><attscale Sync="TRUE">0</attscale></attr><attr><attrlabl Sync="TRUE">name_etymo</attrlabl><attalias Sync="TRUE">name_etymo</attalias><attrtype Sync="TRUE">String</attrtype><attwidth Sync="TRUE">254</attwidth><atprecis Sync="TRUE">0</atprecis><attscale Sync="TRUE">0</attscale></attr><attr><attrlabl Sync="TRUE">loc_name</attrlabl><attalias Sync="TRUE">loc_name</attalias><attrtype Sync="TRUE">String</attrtype><attwidth Sync="TRUE">254</attwidth><atprecis Sync="TRUE">0</atprecis><attscale Sync="TRUE">0</attscale></attr><attr><attrlabl Sync="TRUE">bridge_nam</attrlabl><attalias Sync="TRUE">bridge_nam</attalias><attrtype Sync="TRUE">String</attrtype><attwidth Sync="TRUE">254</attwidth><atprecis Sync="TRUE">0</atprecis><attscale Sync="TRUE">0</attscale></attr><attr><attrlabl Sync="TRUE">lcn</attrlabl><attalias Sync="TRUE">lcn</attalias><attrtype Sync="TRUE">String</attrtype><attwidth Sync="TRUE">254</attwidth><atprecis Sync="TRUE">0</atprecis><attscale Sync="TRUE">0</attscale></attr><attr><attrlabl Sync="TRUE">lcn_ref</attrlabl><attalias Sync="TRUE">lcn_ref</attalias><attrtype Sync="TRUE">String</attrtype><attwidth Sync="TRUE">254</attwidth><atprecis Sync="TRUE">0</atprecis><attscale Sync="TRUE">0</attscale></attr><attr><attrlabl Sync="TRUE">hgv</attrlabl><attalias Sync="TRUE">hgv</attalias><attrtype Sync="TRUE">String</attrtype><attwidth Sync="TRUE">254</attwidth><atprecis Sync="TRUE">0</atprecis><attscale Sync="TRUE">0</attscale></attr><attr><attrlabl Sync="TRUE">source_nam</attrlabl><attalias Sync="TRUE">source_nam</attalias><attrtype Sync="TRUE">String</attrtype><attwidth Sync="TRUE">254</attwidth><atprecis Sync="TRUE">0</atprecis><attscale Sync="TRUE">0</attscale></attr><attr><attrlabl Sync="TRUE">project</attrlabl><attalias Sync="TRUE">project</attalias><attrtype Sync="TRUE">String</attrtype><attwidth Sync="TRUE">254</attwidth><atprecis Sync="TRUE">0</atprecis><attscale Sync="TRUE">0</attscale></attr><attr><attrlabl Sync="TRUE">segregated</attrlabl><attalias Sync="TRUE">segregated</attalias><attrtype Sync="TRUE">String</attrtype><attwidth Sync="TRUE">254</attwidth><atprecis Sync="TRUE">0</atprecis><attscale Sync="TRUE">0</attscale></attr><attr><attrlabl Sync="TRUE">junction</attrlabl><attalias Sync="TRUE">junction</attalias><attrtype Sync="TRUE">String</attrtype><attwidth Sync="TRUE">254</attwidth><atprecis Sync="TRUE">0</atprecis><attscale Sync="TRUE">0</attscale></attr><attr><attrlabl Sync="TRUE">maxspeed_c</attrlabl><attalias Sync="TRUE">maxspeed_c</attalias><attrtype Sync="TRUE">String</attrtype><attwidth Sync="TRUE">254</attwidth><atprecis Sync="TRUE">0</atprecis><attscale Sync="TRUE">0</attscale></attr><attr><attrlabl Sync="TRUE">tunnel</attrlabl><attalias Sync="TRUE">tunnel</attalias><attrtype Sync="TRUE">String</attrtype><attwidth Sync="TRUE">254</attwidth><atprecis Sync="TRUE">0</atprecis><attscale Sync="TRUE">0</attscale></attr><attr><attrlabl Sync="TRUE">maxweight</attrlabl><attalias Sync="TRUE">maxweight</attalias><attrtype Sync="TRUE">String</attrtype><attwidth Sync="TRUE">254</attwidth><atprecis Sync="TRUE">0</atprecis><attscale Sync="TRUE">0</attscale></attr><attr><attrlabl Sync="TRUE">width</attrlabl><attalias Sync="TRUE">width</attalias><attrtype Sync="TRUE">String</attrtype><attwidth Sync="TRUE">254</attwidth><atprecis Sync="TRUE">0</atprecis><attscale Sync="TRUE">0</attscale></attr><attr><attrlabl Sync="TRUE">covered</attrlabl><attalias Sync="TRUE">covered</attalias><attrtype Sync="TRUE">String</attrtype><attwidth Sync="TRUE">254</attwidth><atprecis Sync="TRUE">0</atprecis><attscale Sync="TRUE">0</attscale></attr><attr><attrlabl Sync="TRUE">cycleway_1</attrlabl><attalias Sync="TRUE">cycleway_1</attalias><attrtype Sync="TRUE">String</attrtype><attwidth Sync="TRUE">254</attwidth><atprecis Sync="TRUE">0</atprecis><attscale Sync="TRUE">0</attscale></attr><attr><attrlabl Sync="TRUE">cycle_netw</attrlabl><attalias Sync="TRUE">cycle_netw</attalias><attrtype Sync="TRUE">String</attrtype><attwidth Sync="TRUE">254</attwidth><atprecis Sync="TRUE">0</atprecis><attscale Sync="TRUE">0</attscale></attr><attr><attrlabl Sync="TRUE">incline</attrlabl><attalias Sync="TRUE">incline</attalias><attrtype Sync="TRUE">String</attrtype><attwidth Sync="TRUE">254</attwidth><atprecis Sync="TRUE">0</atprecis><attscale Sync="TRUE">0</attscale></attr><attr><attrlabl Sync="TRUE">trail_visi</attrlabl><attalias Sync="TRUE">trail_visi</attalias><attrtype Sync="TRUE">String</attrtype><attwidth Sync="TRUE">254</attwidth><atprecis Sync="TRUE">0</atprecis><attscale Sync="TRUE">0</attscale></attr><attr><attrlabl Sync="TRUE">constructi</attrlabl><attalias Sync="TRUE">constructi</attalias><attrtype Sync="TRUE">String</attrtype><attwidth Sync="TRUE">254</attwidth><atprecis Sync="TRUE">0</atprecis><attscale Sync="TRUE">0</attscale></attr><attr><attrlabl Sync="TRUE">ford</attrlabl><attalias Sync="TRUE">ford</attalias><attrtype Sync="TRUE">String</attrtype><attwidth Sync="TRUE">254</attwidth><atprecis Sync="TRUE">0</atprecis><attscale Sync="TRUE">0</attscale></attr><attr><attrlabl Sync="TRUE">website</attrlabl><attalias Sync="TRUE">website</attalias><attrtype Sync="TRUE">String</attrtype><attwidth Sync="TRUE">254</attwidth><atprecis Sync="TRUE">0</atprecis><attscale Sync="TRUE">0</attscale></attr><attr><attrlabl Sync="TRUE">tracktype</attrlabl><attalias Sync="TRUE">tracktype</attalias><attrtype Sync="TRUE">String</attrtype><attwidth Sync="TRUE">254</attwidth><atprecis Sync="TRUE">0</atprecis><attscale Sync="TRUE">0</attscale></attr><attr><attrlabl Sync="TRUE">highway_1</attrlabl><attalias Sync="TRUE">highway_1</attalias><attrtype Sync="TRUE">String</attrtype><attwidth Sync="TRUE">254</attwidth><atprecis Sync="TRUE">0</atprecis><attscale Sync="TRUE">0</attscale></attr><attr><attrlabl Sync="TRUE">embankment</attrlabl><attalias Sync="TRUE">embankment</attalias><attrtype Sync="TRUE">String</attrtype><attwidth Sync="TRUE">254</attwidth><atprecis Sync="TRUE">0</atprecis><attscale Sync="TRUE">0</attscale></attr><attr><attrlabl Sync="TRUE">descriptio</attrlabl><attalias Sync="TRUE">descriptio</attalias><attrtype Sync="TRUE">String</attrtype><attwidth Sync="TRUE">254</attwidth><atprecis Sync="TRUE">0</atprecis><attscale Sync="TRUE">0</attscale></attr><attr><attrlabl Sync="TRUE">reg_name</attrlabl><attalias Sync="TRUE">reg_name</attalias><attrtype Sync="TRUE">String</attrtype><attwidth Sync="TRUE">254</attwidth><atprecis Sync="TRUE">0</atprecis><attscale Sync="TRUE">0</attscale></attr><attr><attrlabl Sync="TRUE">service</attrlabl><attalias Sync="TRUE">service</attalias><attrtype Sync="TRUE">String</attrtype><attwidth Sync="TRUE">254</attwidth><atprecis Sync="TRUE">0</atprecis><attscale Sync="TRUE">0</attscale></attr><attr><attrlabl Sync="TRUE">name_2</attrlabl><attalias Sync="TRUE">name_2</attalias><attrtype Sync="TRUE">String</attrtype><attwidth Sync="TRUE">254</attwidth><atprecis Sync="TRUE">0</atprecis><attscale Sync="TRUE">0</attscale></attr><attr><attrlabl Sync="TRUE">name_3</attrlabl><attalias Sync="TRUE">name_3</attalias><attrtype Sync="TRUE">String</attrtype><attwidth Sync="TRUE">254</attwidth><atprecis Sync="TRUE">0</atprecis><attscale Sync="TRUE">0</attscale></attr><attr><attrlabl Sync="TRUE">tiger_na_8</attrlabl><attalias Sync="TRUE">tiger_na_8</attalias><attrtype Sync="TRUE">String</attrtype><attwidth Sync="TRUE">254</attwidth><atprecis Sync="TRUE">0</atprecis><attscale Sync="TRUE">0</attscale></attr><attr><attrlabl Sync="TRUE">tiger_na_9</attrlabl><attalias Sync="TRUE">tiger_na_9</attalias><attrtype Sync="TRUE">String</attrtype><attwidth Sync="TRUE">254</attwidth><atprecis Sync="TRUE">0</atprecis><attscale Sync="TRUE">0</attscale></attr><attr><attrlabl Sync="TRUE">NHS</attrlabl><attalias Sync="TRUE">NHS</attalias><attrtype Sync="TRUE">String</attrtype><attwidth Sync="TRUE">254</attwidth><atprecis Sync="TRUE">0</atprecis><attscale Sync="TRUE">0</attscale></attr><attr><attrlabl Sync="TRUE">status</attrlabl><attalias Sync="TRUE">status</attalias><attrtype Sync="TRUE">String</attrtype><attwidth Sync="TRUE">254</attwidth><atprecis Sync="TRUE">0</atprecis><attscale Sync="TRUE">0</attscale></attr><attr><attrlabl Sync="TRUE">history</attrlabl><attalias Sync="TRUE">history</attalias><attrtype Sync="TRUE">String</attrtype><attwidth Sync="TRUE">254</attwidth><atprecis Sync="TRUE">0</atprecis><attscale Sync="TRUE">0</attscale></attr><attr><attrlabl Sync="TRUE">level</attrlabl><attalias Sync="TRUE">level</attalias><attrtype Sync="TRUE">String</attrtype><attwidth Sync="TRUE">254</attwidth><atprecis Sync="TRUE">0</atprecis><attscale Sync="TRUE">0</attscale></attr><attr><attrlabl Sync="TRUE">footway</attrlabl><attalias Sync="TRUE">footway</attalias><attrtype Sync="TRUE">String</attrtype><attwidth Sync="TRUE">254</attwidth><atprecis Sync="TRUE">0</atprecis><attscale Sync="TRUE">0</attscale></attr><attr><attrlabl Sync="TRUE">mtb_scale_</attrlabl><attalias Sync="TRUE">mtb_scale_</attalias><attrtype Sync="TRUE">String</attrtype><attwidth Sync="TRUE">254</attwidth><atprecis Sync="TRUE">0</atprecis><attscale Sync="TRUE">0</attscale></attr><attr><attrlabl Sync="TRUE">sac_scale</attrlabl><attalias Sync="TRUE">sac_scale</attalias><attrtype Sync="TRUE">String</attrtype><attwidth Sync="TRUE">254</attwidth><atprecis Sync="TRUE">0</atprecis><attscale Sync="TRUE">0</attscale></attr><attr><attrlabl Sync="TRUE">mtb_scale</attrlabl><attalias Sync="TRUE">mtb_scale</attalias><attrtype Sync="TRUE">String</attrtype><attwidth Sync="TRUE">254</attwidth><atprecis Sync="TRUE">0</atprecis><attscale Sync="TRUE">0</attscale></attr><attr><attrlabl Sync="TRUE">addr_city</attrlabl><attalias Sync="TRUE">addr_city</attalias><attrtype Sync="TRUE">String</attrtype><attwidth Sync="TRUE">254</attwidth><atprecis Sync="TRUE">0</atprecis><attscale Sync="TRUE">0</attscale></attr><attr><attrlabl Sync="TRUE">addr_house</attrlabl><attalias Sync="TRUE">addr_house</attalias><attrtype Sync="TRUE">String</attrtype><attwidth Sync="TRUE">254</attwidth><atprecis Sync="TRUE">0</atprecis><attscale Sync="TRUE">0</attscale></attr><attr><attrlabl Sync="TRUE">addr_postc</attrlabl><attalias Sync="TRUE">addr_postc</attalias><attrtype Sync="TRUE">String</attrtype><attwidth Sync="TRUE">254</attwidth><atprecis Sync="TRUE">0</atprecis><attscale Sync="TRUE">0</attscale></attr><attr><attrlabl Sync="TRUE">addr_stree</attrlabl><attalias Sync="TRUE">addr_stree</attalias><attrtype Sync="TRUE">String</attrtype><attwidth Sync="TRUE">254</attwidth><atprecis Sync="TRUE">0</atprecis><attscale Sync="TRUE">0</attscale></attr><attr><attrlabl Sync="TRUE">wheelchair</attrlabl><attalias Sync="TRUE">wheelchair</attalias><attrtype Sync="TRUE">String</attrtype><attwidth Sync="TRUE">254</attwidth><atprecis Sync="TRUE">0</atprecis><attscale Sync="TRUE">0</attscale></attr><attr><attrlabl Sync="TRUE">crossing</attrlabl><attalias Sync="TRUE">crossing</attalias><attrtype Sync="TRUE">String</attrtype><attwidth Sync="TRUE">254</attwidth><atprecis Sync="TRUE">0</atprecis><attscale Sync="TRUE">0</attscale></attr><attr><attrlabl Sync="TRUE">tactile_pa</attrlabl><attalias Sync="TRUE">tactile_pa</attalias><attrtype Sync="TRUE">String</attrtype><attwidth Sync="TRUE">254</attwidth><atprecis Sync="TRUE">0</atprecis><attscale Sync="TRUE">0</attscale></attr><attr><attrlabl Sync="TRUE">emergency</attrlabl><attalias Sync="TRUE">emergency</attalias><attrtype Sync="TRUE">String</attrtype><attwidth Sync="TRUE">254</attwidth><atprecis Sync="TRUE">0</atprecis><attscale Sync="TRUE">0</attscale></attr><attr><attrlabl Sync="TRUE">mtb_scal_1</attrlabl><attalias Sync="TRUE">mtb_scal_1</attalias><attrtype Sync="TRUE">String</attrtype><attwidth Sync="TRUE">254</attwidth><atprecis Sync="TRUE">0</atprecis><attscale Sync="TRUE">0</attscale></attr><attr><attrlabl Sync="TRUE">barrier</attrlabl><attalias Sync="TRUE">barrier</attalias><attrtype Sync="TRUE">String</attrtype><attwidth Sync="TRUE">254</attwidth><atprecis Sync="TRUE">0</atprecis><attscale Sync="TRUE">0</attscale></attr><attr><attrlabl Sync="TRUE">kerb</attrlabl><attalias Sync="TRUE">kerb</attalias><attrtype Sync="TRUE">String</attrtype><attwidth Sync="TRUE">254</attwidth><atprecis Sync="TRUE">0</atprecis><attscale Sync="TRUE">0</attscale></attr><attr><attrlabl Sync="TRUE">traffic_ca</attrlabl><attalias Sync="TRUE">traffic_ca</attalias><attrtype Sync="TRUE">String</attrtype><attwidth Sync="TRUE">254</attwidth><atprecis Sync="TRUE">0</atprecis><attscale Sync="TRUE">0</attscale></attr></detailed></eainfo><mdDateSt Sync="TRUE">20200425</mdDateSt></metadata>
